OPEN 6.3.4,,,,,,,,,,,,,,,,,,,,,,,,,,,,,,,,,,,,,,,,,,,,,,,,,,,,,,,,,,,,,,,,,,,,,,,,,,,,,,,,,,,,,,
Mon Mar 14 2022 10:36:06,,,,,,,,,,,,,,,,,,,,,,,,,,,,,,,,,,,,,,,,,,,,,,,,,,,,,,,,,,,,,,,,,,,,,,,,,,,,,,,,,,,,,,
Unit=,PSC-3534,,,,,,,,,,,,,,,,,,,,,,,,,,,,,,,,,,,,,,,,,,,,,,,,,,,,,,,,,,,,,,,,,,,,,,,,,,,,,,,,,,,,,
LCF=,$@Pÿ4,,,,,,,,,,,,,,,,,,,,,,,,,,,,,,,,,,,,,,,,,,,,,,,,,,,,,,,,,,,,,,,,,,,,,,,,,,,,,,,,,,,,,
LCFCals=,-1.889999986,-0.25999999,-2933.100098,,,,,,,,,,,,,,,,,,,,,,,,,,,,,,,,,,,,,,,,,,,,,,,,,,,,,,,,,,,,,,,,,,,,,,,,,,,,,,,,,,,
LightSource=,6400-40 Fluorometer,1,0.159999996,,,,,,,,,,,,,,,,,,,,,,,,,,,,,,,,,,,,,,,,,,,,,,,,,,,,,,,,,,,,,,,,,,,,,,,,,,,,,,,,,,,
A/D AvgTime=,4,,,,,,,,,,,,,,,,,,,,,,,,,,,,,,,,,,,,,,,,,,,,,,,,,,,,,,,,,,,,,,,,,,,,,,,,,,,,,,,,,,,,,
Config=,/User/Configs/UserPrefs/LCF2.xml,,,,,,,,,,,,,,,,,,,,,,,,,,,,,,,,,,,,,,,,,,,,,,,,,,,,,,,,,,,,,,,,,,,,,,,,,,,,,,,,,,,,,
Remark=,34_light,,,,,,,,,,,,,,,,,,,,,,,,,,,,,,,,,,,,,,,,,,,,,,,,,,,,,,,,,,,,,,,,,,,,,,,,,,,,,,,,,,,,,
,,,,,,,,,,,,,,,,,,,,,,,,,,,,,,,,,,,,,,,,,,,,,,,,,,,,,,,,,,,,,,,,,,,,,,,,,,,,,,,,,,,,,,
Obs,HHMMSS,FTime,EBal?,Photo,Cond,Ci,FCnt,DCnt,Fo,Fm,Fo',Fm',Fs,Fv/Fm,Fv'/Fm',PhiPS2,Adark,RedAbs,BlueAbs,%Blue,LeafAbs,PhiCO2,qP,qN,NPQ,ParIn@Fs,PS2/1,ETR,Trmmol,VpdL,CTleaf,Area,BLC_1,StmRat,BLCond,Tair,Tleaf,TBlk,CO2R,CO2S,H2OR,H2OS,RH_R,RH_S,Flow,PARi,PARo,Press,CsMch,HsMch,CsMchSD,HsMchSD,CrMchSD,HrMchSD,StableF,BLCslope,BLCoffst,f_parin,f_parout,alphaK,Status,fda,Trans,Tair_K,Twall_K,R(W/m2),Tl-Ta,SVTleaf,h2o_i,h20diff,CTair,SVTair,CndTotal,vp_kPa,VpdA,CndCO2,Ci_Pa,Ci/Ca,RHsfc,C2sfc,AHs/Cs,Fv,PARabs,Fv',qP_Fo,qN_Fo
in,in,in,in,out,out,out,in,in,in,in,in,in,in,out,out,out,in,in,in,in,out,out,out,out,out,in,in,out,out,out,out,in,out,in,out,in,in,in,in,in,in,in,in,in,in,in,in,in,in,in,in,in,in,in,in,in,in,in,in,in,in,out,out,out,out,out,out,out,out,out,out,out,out,out,out,out,out,out,out,out,out,out,out,out,out,out
Remark=,"""10:36:51 Launched AutoProg /User/Configs/AutoProgs/LightCurve2""
",,,,,,,,,,,,,,,,,,,,,,,,,,,,,,,,,,,,,,,,,,,,,,,,,,,,,,,,,,,,,,,,,,,,,,,,,,,,,,,,,,,,,
Remark=,"""10:44:08 LCF Lamp: ParIn -> 700 uml, with blue = 10 percent, actinic on""
",,,,,,,,,,,,,,,,,,,,,,,,,,,,,,,,,,,,,,,,,,,,,,,,,,,,,,,,,,,,,,,,,,,,,,,,,,,,,,,,,,,,,
Remark=,"""10:44:08 CO2 Mixer: CO2R -> 400 uml""
",,,,,,,,,,,,,,,,,,,,,,,,,,,,,,,,,,,,,,,,,,,,,,,,,,,,,,,,,,,,,,,,,,,,,,,,,,,,,,,,,,,,,
Remark=,"""10:44:08 Coolers: Tleaf -> 24.00 C""
",,,,,,,,,,,,,,,,,,,,,,,,,,,,,,,,,,,,,,,,,,,,,,,,,,,,,,,,,,,,,,,,,,,,,,,,,,,,,,,,,,,,,
Remark=,"""10:44:08 Flow: Fixed -> 300 umol/s""
",,,,,,,,,,,,,,,,,,,,,,,,,,,,,,,,,,,,,,,,,,,,,,,,,,,,,,,,,,,,,,,,,,,,,,,,,,,,,,,,,,,,,
Remark=,"""10:44:08 LCF Lamp: Off""
",,,,,,,,,,,,,,,,,,,,,,,,,,,,,,,,,,,,,,,,,,,,,,,,,,,,,,,,,,,,,,,,,,,,,,,,,,,,,,,,,,,,,
Remark=,"""10:47:15 Fo=135""
",,,,,,,,,,,,,,,,,,,,,,,,,,,,,,,,,,,,,,,,,,,,,,,,,,,,,,,,,,,,,,,,,,,,,,,,,,,,,,,,,,,,,
Remark=,"""10:47:15 RF#1 7700 um, Fmax=673 Int=9 Mod=20 Filter=50""
",,,,,,,,,,,,,,,,,,,,,,,,,,,,,,,,,,,,,,,,,,,,,,,,,,,,,,,,,,,,,,,,,,,,,,,,,,,,,,,,,,,,,
Remark=,"""10:47:16 Fm=673""
",,,,,,,,,,,,,,,,,,,,,,,,,,,,,,,,,,,,,,,,,,,,,,,,,,,,,,,,,,,,,,,,,,,,,,,,,,,,,,,,,,,,,
Remark=,"""10:47:39 Flow: Fixed -> 300 umol/s""
",,,,,,,,,,,,,,,,,,,,,,,,,,,,,,,,,,,,,,,,,,,,,,,,,,,,,,,,,,,,,,,,,,,,,,,,,,,,,,,,,,,,,
1,10:47:16,797.5003157,0,-2.667990606,0.213876002,401.9849742,1,0,135.9916534,673.6231689,0,0,0,0.798119097,#DIV/0!,#DIV/0!,-4.169941362,0.87,0.92,0,0.87,0.742468413,#DIV/0!,1,#DIV/0!,0,0.5,#DIV/0!,6.039730138,2.200900221,23.65124893,0.713999987,6.387570118,1,12.77514024,25.51623726,23.65124893,26.14149475,400.0605469,400.1202393,7.904379368,9.325235367,18.92072105,22.32182503,300.6746216,2.325190067,117.7058792,78.48625946,15.71505737,0.053883374,0.031890519,0.00328402,0.033328813,0.003717755,0.75,-1.355140209,7.355140209,1,0,0.159999996,111115,4.211129233,0.00603973,296.8012489,298.6662373,0.372030402,-0.688262496,2.932803064,37.36708927,28.0418539,24.5837431,3.101618419,0.210354338,0.731902843,2.369715577,0.131783389,31.55029698,1.004660436,24.42707906,400.4021765,-0.001627644,537.6315155,2.022915359,0,0,1.252945837
Remark=,"""10:47:39 LCF Lamp: ParIn -> 700 uml, with blue = 10 percent, actinic on""
",,,,,,,,,,,,,,,,,,,,,,,,,,,,,,,,,,,,,,,,,,,,,,,,,,,,,,,,,,,,,,,,,,,,,,,,,,,,,,,,,,,,,
Remark=,"""10:52:40 LCF Lamp: ParIn -> 0 uml, with blue = 10 percent, actinic on""
",,,,,,,,,,,,,,,,,,,,,,,,,,,,,,,,,,,,,,,,,,,,,,,,,,,,,,,,,,,,,,,,,,,,,,,,,,,,,,,,,,,,,
Remark=,"""10:57:41 Fs=154 Msr=3 Mod=0.25 Filter=5 Gain=10""
",,,,,,,,,,,,,,,,,,,,,,,,,,,,,,,,,,,,,,,,,,,,,,,,,,,,,,,,,,,,,,,,,,,,,,,,,,,,,,,,,,,,,
Remark=,"""10:57:41 RF#2 7678 um, Fmax=678 Int=9 Mod=20 Filter=50""
",,,,,,,,,,,,,,,,,,,,,,,,,,,,,,,,,,,,,,,,,,,,,,,,,,,,,,,,,,,,,,,,,,,,,,,,,,,,,,,,,,,,,
Remark=,"""10:57:42 Fm'=678""
",,,,,,,,,,,,,,,,,,,,,,,,,,,,,,,,,,,,,,,,,,,,,,,,,,,,,,,,,,,,,,,,,,,,,,,,,,,,,,,,,,,,,
Remark=,"""10:57:50 Dark#1 Fmin=162 Dur=6 FarRed=8 Pre=1 Post=4 Mod=0.25 Filter=5""
",,,,,,,,,,,,,,,,,,,,,,,,,,,,,,,,,,,,,,,,,,,,,,,,,,,,,,,,,,,,,,,,,,,,,,,,,,,,,,,,,,,,,
Remark=,"""10:57:50 Fo'=162""
",,,,,,,,,,,,,,,,,,,,,,,,,,,,,,,,,,,,,,,,,,,,,,,,,,,,,,,,,,,,,,,,,,,,,,,,,,,,,,,,,,,,,
Remark=,"""10:58:13 Flow: Fixed -> 300 umol/s""
",,,,,,,,,,,,,,,,,,,,,,,,,,,,,,,,,,,,,,,,,,,,,,,,,,,,,,,,,,,,,,,,,,,,,,,,,,,,,,,,,,,,,
2,10:57:50,1431.500316,0,-3.669995665,0.201712263,410.3365435,2,1,135.9916534,673.6231689,162.7009277,678.0863647,154.8263397,0.798119097,0.760058694,0.771671652,-4.169941362,0.87,0.92,0,0.87,0.125782612,1.015279027,-0.008735568,-0.006582046,4.56859827,0.5,1.533574131,5.986869133,2.310589302,24.11523056,0.713999987,6.387570118,1,12.77514024,25.2787323,24.11523056,25.20087814,400.0390015,400.3413696,7.574170113,8.983195305,18.39123917,21.81256676,300.6493225,4.56859827,639.3692017,78.49978638,16.07206345,0.070963539,0.067840748,0.001860407,0.024759337,0.002918474,1,-1.355140209,7.355140209,1,0,0.159999996,111115,4.210774904,0.005986869,297.2652306,298.4287323,0.730975707,-0.702985099,3.015768215,38.41753403,29.43433873,24.69698143,3.122685933,0.198576846,0.705178912,2.417507021,0.124388469,32.21133101,1.024966628,22.74297515,400.7291927,-0.002082868,537.6315155,3.974680495,515.385437,0.965255728,-0.008301589
Remark=,"""10:58:15 LCF Lamp: ParIn -> 100 uml, with blue = 10 percent, actinic on""
",,,,,,,,,,,,,,,,,,,,,,,,,,,,,,,,,,,,,,,,,,,,,,,,,,,,,,,,,,,,,,,,,,,,,,,,,,,,,,,,,,,,,
Remark=,"""11:01:09 Fs=177 Msr=3 Mod=0.25 Filter=5 Gain=10""
",,,,,,,,,,,,,,,,,,,,,,,,,,,,,,,,,,,,,,,,,,,,,,,,,,,,,,,,,,,,,,,,,,,,,,,,,,,,,,,,,,,,,
Remark=,"""11:01:09 RF#3 7676 um, Fmax=644 Int=9 Mod=20 Filter=50""
",,,,,,,,,,,,,,,,,,,,,,,,,,,,,,,,,,,,,,,,,,,,,,,,,,,,,,,,,,,,,,,,,,,,,,,,,,,,,,,,,,,,,
Remark=,"""11:01:10 Fm'=644""
",,,,,,,,,,,,,,,,,,,,,,,,,,,,,,,,,,,,,,,,,,,,,,,,,,,,,,,,,,,,,,,,,,,,,,,,,,,,,,,,,,,,,
Remark=,"""11:01:18 Dark#2 Fmin=180 Dur=6 FarRed=8 Pre=1 Post=4 Mod=0.25 Filter=5""
",,,,,,,,,,,,,,,,,,,,,,,,,,,,,,,,,,,,,,,,,,,,,,,,,,,,,,,,,,,,,,,,,,,,,,,,,,,,,,,,,,,,,
Remark=,"""11:01:18 Fo'=180""
",,,,,,,,,,,,,,,,,,,,,,,,,,,,,,,,,,,,,,,,,,,,,,,,,,,,,,,,,,,,,,,,,,,,,,,,,,,,,,,,,,,,,
Remark=,"""11:01:40 Flow: Fixed -> 300 umol/s""
",,,,,,,,,,,,,,,,,,,,,,,,,,,,,,,,,,,,,,,,,,,,,,,,,,,,,,,,,,,,,,,,,,,,,,,,,,,,,,,,,,,,,
3,11:01:18,1639.000316,0,2.272375764,0.193644449,361.6593374,3,2,135.9916534,673.6231689,180.690918,644.1066284,177.0775757,0.798119097,0.719470488,0.725080339,-4.169941362,0.87,0.92,9.705625534,0.874852813,0.073553733,1.007797194,0.059879508,0.04582555,100.1157455,0.5,31.75363965,5.737014646,2.305254496,24.05163765,0.713999987,6.387570118,1,12.77514024,24.05470467,24.05163765,23.28516197,400.0228882,398.9397888,7.554509163,8.904715538,19.73592377,23.26329803,300.6764526,100.1157455,680.298584,78.50027466,16.34474754,0.083328165,0.046859901,0.002945864,0.048144054,0.005548864,1,-1.355140209,7.355140209,1,0,0.159999996,111115,4.211154878,0.005737015,297.2016376,297.2047047,16.01851893,-0.66618821,3.004277111,38.2709121,29.36619656,24.05317116,3.004553762,0.190753031,0.699022615,2.305531146,0.119477092,28.39035732,0.906551183,22.58732159,398.6996578,0.001287357,537.6315155,87.58654159,463.4157104,0.919140501,0.054901061
Remark=,"""11:01:42 LCF Lamp: ParIn -> 300 uml, with blue = 10 percent, actinic on""
",,,,,,,,,,,,,,,,,,,,,,,,,,,,,,,,,,,,,,,,,,,,,,,,,,,,,,,,,,,,,,,,,,,,,,,,,,,,,,,,,,,,,
Remark=,"""11:03:54 Fs=187 Msr=3 Mod=0.25 Filter=5 Gain=10""
",,,,,,,,,,,,,,,,,,,,,,,,,,,,,,,,,,,,,,,,,,,,,,,,,,,,,,,,,,,,,,,,,,,,,,,,,,,,,,,,,,,,,
Remark=,"""11:03:54 RF#4 7757 um, Fmax=606 Int=9 Mod=20 Filter=50""
",,,,,,,,,,,,,,,,,,,,,,,,,,,,,,,,,,,,,,,,,,,,,,,,,,,,,,,,,,,,,,,,,,,,,,,,,,,,,,,,,,,,,
Remark=,"""11:03:55 Fm'=606""
",,,,,,,,,,,,,,,,,,,,,,,,,,,,,,,,,,,,,,,,,,,,,,,,,,,,,,,,,,,,,,,,,,,,,,,,,,,,,,,,,,,,,
Remark=,"""11:04:03 Dark#3 Fmin=181 Dur=6 FarRed=8 Pre=1 Post=4 Mod=0.25 Filter=5""
",,,,,,,,,,,,,,,,,,,,,,,,,,,,,,,,,,,,,,,,,,,,,,,,,,,,,,,,,,,,,,,,,,,,,,,,,,,,,,,,,,,,,
Remark=,"""11:04:03 Fo'=181""
",,,,,,,,,,,,,,,,,,,,,,,,,,,,,,,,,,,,,,,,,,,,,,,,,,,,,,,,,,,,,,,,,,,,,,,,,,,,,,,,,,,,,
Remark=,"""11:04:25 Flow: Fixed -> 300 umol/s""
",,,,,,,,,,,,,,,,,,,,,,,,,,,,,,,,,,,,,,,,,,,,,,,,,,,,,,,,,,,,,,,,,,,,,,,,,,,,,,,,,,,,,
4,11:04:03,1804.000316,0,8.686138901,0.187873304,305.5609305,4,3,135.9916534,673.6231689,181.3920898,606.5820313,187.1756439,0.798119097,0.700960331,0.69142567,-4.169941362,0.87,0.92,10.05089569,0.875025448,0.048920195,0.986397717,0.136198506,0.110522789,300.3306885,0.5,90.85229423,5.606236298,2.320712181,24.12627602,0.713999987,6.387570118,1,12.77514024,23.71549606,24.12627602,22.77873802,400.0528564,397.4610291,7.560118675,8.879602432,20.15763855,23.6757946,300.6712952,300.3306885,703.8883667,78.50079346,16.51405907,0.089605443,0.15028815,0.001483712,0.165615171,0.004636702,1,-1.355140209,7.355140209,1,0,0.159999996,111115,4.211082644,0.005606236,297.276276,296.8654961,48.05290908,-0.573039113,3.017768017,38.44251611,29.56291368,23.92088604,2.980770785,0.185150451,0.697055837,2.283714949,0.115960621,23.9867755,0.768782115,22.37626772,396.5431301,0.004901443,537.6315155,262.7969952,425.1899414,0.891234515,0.124697187
Remark=,"""11:04:27 LCF Lamp: ParIn -> 500 uml, with blue = 10 percent, actinic on""
",,,,,,,,,,,,,,,,,,,,,,,,,,,,,,,,,,,,,,,,,,,,,,,,,,,,,,,,,,,,,,,,,,,,,,,,,,,,,,,,,,,,,
Remark=,"""11:06:52 Fs=191 Msr=3 Mod=0.25 Filter=5 Gain=10""
",,,,,,,,,,,,,,,,,,,,,,,,,,,,,,,,,,,,,,,,,,,,,,,,,,,,,,,,,,,,,,,,,,,,,,,,,,,,,,,,,,,,,
Remark=,"""11:06:52 RF#5 7835 um, Fmax=542 Int=9 Mod=20 Filter=50""
",,,,,,,,,,,,,,,,,,,,,,,,,,,,,,,,,,,,,,,,,,,,,,,,,,,,,,,,,,,,,,,,,,,,,,,,,,,,,,,,,,,,,
Remark=,"""11:06:53 Fm'=542""
",,,,,,,,,,,,,,,,,,,,,,,,,,,,,,,,,,,,,,,,,,,,,,,,,,,,,,,,,,,,,,,,,,,,,,,,,,,,,,,,,,,,,
Remark=,"""11:07:01 Dark#4 Fmin=172 Dur=6 FarRed=8 Pre=1 Post=4 Mod=0.25 Filter=5""
",,,,,,,,,,,,,,,,,,,,,,,,,,,,,,,,,,,,,,,,,,,,,,,,,,,,,,,,,,,,,,,,,,,,,,,,,,,,,,,,,,,,,
Remark=,"""11:07:01 Fo'=172""
",,,,,,,,,,,,,,,,,,,,,,,,,,,,,,,,,,,,,,,,,,,,,,,,,,,,,,,,,,,,,,,,,,,,,,,,,,,,,,,,,,,,,
Remark=,"""11:07:23 Flow: Fixed -> 300 umol/s""
",,,,,,,,,,,,,,,,,,,,,,,,,,,,,,,,,,,,,,,,,,,,,,,,,,,,,,,,,,,,,,,,,,,,,,,,,,,,,,,,,,,,,
5,11:07:01,1982.000316,0,14.24263405,0.191661869,259.9996327,5,4,135.9916534,673.6231689,172.8615723,542.7510986,191.9034119,0.798119097,0.681508572,0.646424646,-4.169941362,0.87,0.92,9.800261497,0.874900131,0.042100455,0.948520198,0.26134606,0.241127232,499.8840332,0.5,141.3564589,5.707707173,2.316714675,24.1137104,0.713999987,6.387570118,1,12.77514024,23.48971176,24.1137104,22.47616386,400.1797485,396.2606506,7.558205605,8.901482582,20.42870522,24.05938148,300.6845703,499.8840332,735.4788818,78.5013504,16.45471191,0.089364164,0.059320889,0.003139409,0.052507676,0.004962895,1,-1.355140209,7.355140209,1,0,0.159999996,111115,4.211268571,0.005707707,297.2637104,296.6397118,79.98144352,-0.50260477,3.015493078,38.41326375,29.51178117,23.80171108,2.959485944,0.188828922,0.698778403,2.26070754,0.118269371,20.41032227,0.656132857,22.47446782,394.7555747,0.008108704,537.6315155,437.348606,369.8895264,0.862543429,0.243423361
Remark=,"""11:07:25 LCF Lamp: ParIn -> 700 uml, with blue = 10 percent, actinic on""
",,,,,,,,,,,,,,,,,,,,,,,,,,,,,,,,,,,,,,,,,,,,,,,,,,,,,,,,,,,,,,,,,,,,,,,,,,,,,,,,,,,,,
Remark=,"""11:09:26 Fs=191 Msr=3 Mod=0.25 Filter=5 Gain=10""
",,,,,,,,,,,,,,,,,,,,,,,,,,,,,,,,,,,,,,,,,,,,,,,,,,,,,,,,,,,,,,,,,,,,,,,,,,,,,,,,,,,,,
Remark=,"""11:09:26 RF#6 7912 um, Fmax=455 Int=9 Mod=20 Filter=50""
",,,,,,,,,,,,,,,,,,,,,,,,,,,,,,,,,,,,,,,,,,,,,,,,,,,,,,,,,,,,,,,,,,,,,,,,,,,,,,,,,,,,,
Remark=,"""11:09:27 Fm'=455""
",,,,,,,,,,,,,,,,,,,,,,,,,,,,,,,,,,,,,,,,,,,,,,,,,,,,,,,,,,,,,,,,,,,,,,,,,,,,,,,,,,,,,
Remark=,"""11:09:35 Dark#5 Fmin=161 Dur=6 FarRed=8 Pre=1 Post=4 Mod=0.25 Filter=5""
",,,,,,,,,,,,,,,,,,,,,,,,,,,,,,,,,,,,,,,,,,,,,,,,,,,,,,,,,,,,,,,,,,,,,,,,,,,,,,,,,,,,,
Remark=,"""11:09:35 Fo'=161""
",,,,,,,,,,,,,,,,,,,,,,,,,,,,,,,,,,,,,,,,,,,,,,,,,,,,,,,,,,,,,,,,,,,,,,,,,,,,,,,,,,,,,
Remark=,"""11:09:57 Flow: Fixed -> 300 umol/s""
",,,,,,,,,,,,,,,,,,,,,,,,,,,,,,,,,,,,,,,,,,,,,,,,,,,,,,,,,,,,,,,,,,,,,,,,,,,,,,,,,,,,,
6,11:09:35,2136.000316,0,17.43963873,0.201465846,239.6037706,6,5,135.9916534,673.6231689,161.3896484,455.6253357,191.2377319,0.798119097,0.645784297,0.580274149,-4.169941362,0.87,0.92,9.8670187,0.874933509,0.035275794,0.898557229,0.425582912,0.478458541,700.1554565,0.5,177.7349168,5.975967911,2.309245808,24.10570717,0.713999987,6.387570118,1,12.77514024,23.00171471,24.10570717,21.66579628,399.9469299,395.2443237,7.571681023,8.97814846,21.07752037,24.99274826,300.6491699,700.1554565,738.4962158,78.5016098,16.58330345,0.093779773,0.097186141,0.00565452,0.116513573,0.005753255,1,-1.355140209,7.355140209,1,0,0.159999996,111115,4.210772767,0.005975968,297.2557072,296.1517147,112.0248705,-0.460917114,3.014044916,38.39468927,29.41654081,23.55371094,2.915618339,0.198338026,0.704799107,2.210819232,0.124238537,18.80928171,0.606216854,22.74338631,393.4014076,0.010082232,537.6315155,612.5894707,294.2356873,0.827158145,0.405478152
Remark=,"""11:09:59 LCF Lamp: ParIn -> 900 uml, with blue = 10 percent, actinic on""
",,,,,,,,,,,,,,,,,,,,,,,,,,,,,,,,,,,,,,,,,,,,,,,,,,,,,,,,,,,,,,,,,,,,,,,,,,,,,,,,,,,,,
Remark=,"""11:12:11 Fs=189 Msr=3 Mod=0.25 Filter=5 Gain=10""
",,,,,,,,,,,,,,,,,,,,,,,,,,,,,,,,,,,,,,,,,,,,,,,,,,,,,,,,,,,,,,,,,,,,,,,,,,,,,,,,,,,,,
Remark=,"""11:12:11 RF#7 7993 um, Fmax=398 Int=9 Mod=20 Filter=50""
",,,,,,,,,,,,,,,,,,,,,,,,,,,,,,,,,,,,,,,,,,,,,,,,,,,,,,,,,,,,,,,,,,,,,,,,,,,,,,,,,,,,,
Remark=,"""11:12:12 Fm'=398""
",,,,,,,,,,,,,,,,,,,,,,,,,,,,,,,,,,,,,,,,,,,,,,,,,,,,,,,,,,,,,,,,,,,,,,,,,,,,,,,,,,,,,
Remark=,"""11:12:20 Dark#6 Fmin=152 Dur=6 FarRed=8 Pre=1 Post=4 Mod=0.25 Filter=5""
",,,,,,,,,,,,,,,,,,,,,,,,,,,,,,,,,,,,,,,,,,,,,,,,,,,,,,,,,,,,,,,,,,,,,,,,,,,,,,,,,,,,,
Remark=,"""11:12:20 Fo'=152""
",,,,,,,,,,,,,,,,,,,,,,,,,,,,,,,,,,,,,,,,,,,,,,,,,,,,,,,,,,,,,,,,,,,,,,,,,,,,,,,,,,,,,
Remark=,"""11:12:42 Flow: Fixed -> 300 umol/s""
",,,,,,,,,,,,,,,,,,,,,,,,,,,,,,,,,,,,,,,,,,,,,,,,,,,,,,,,,,,,,,,,,,,,,,,,,,,,,,,,,,,,,
7,11:12:20,2301.000316,0,19.75668309,0.216898836,231.823203,7,6,135.9916534,673.6231689,152.8735352,398.3200073,189.8450928,0.798119097,0.616204227,0.523385496,-4.169941362,0.87,0.92,9.864959717,0.87493248,0.030390714,0.849370181,0.528667029,0.691160767,899.8414307,0.5,206.0308298,6.408260939,2.302739132,24.12161636,0.713999987,6.387570118,1,12.77514024,22.6927948,24.12161636,21.14385223,399.9967957,394.7051086,7.589605808,9.097365379,21.52745628,25.80412674,300.7026672,899.8414307,684.8126221,78.50460815,16.64247704,0.094603129,0.133952081,0.007043898,0.161125571,0.011355043,1,-1.355140209,7.355140209,1,0,0.159999996,111115,4.211522029,0.006408261,297.2716164,295.8427948,143.9746257,-0.434899543,3.016924236,38.42989994,29.33253456,23.40720558,2.889971781,0.213277764,0.714185104,2.175786677,0.133619271,18.19918971,0.587332664,23.11994004,392.6173412,0.011634059,537.6315155,787.3004944,245.4464722,0.794709803,0.512066636
Remark=,"""11:12:44 LCF Lamp: ParIn -> 1100 uml, with blue = 10 percent, actinic on""
",,,,,,,,,,,,,,,,,,,,,,,,,,,,,,,,,,,,,,,,,,,,,,,,,,,,,,,,,,,,,,,,,,,,,,,,,,,,,,,,,,,,,
Remark=,"""11:14:45 Fs=188 Msr=3 Mod=0.25 Filter=5 Gain=10""
",,,,,,,,,,,,,,,,,,,,,,,,,,,,,,,,,,,,,,,,,,,,,,,,,,,,,,,,,,,,,,,,,,,,,,,,,,,,,,,,,,,,,
Remark=,"""11:14:45 RF#8 8054 um, Fmax=357 Int=9 Mod=20 Filter=50""
",,,,,,,,,,,,,,,,,,,,,,,,,,,,,,,,,,,,,,,,,,,,,,,,,,,,,,,,,,,,,,,,,,,,,,,,,,,,,,,,,,,,,
Remark=,"""11:14:46 Fm'=357""
",,,,,,,,,,,,,,,,,,,,,,,,,,,,,,,,,,,,,,,,,,,,,,,,,,,,,,,,,,,,,,,,,,,,,,,,,,,,,,,,,,,,,
Remark=,"""11:14:54 Dark#7 Fmin=149 Dur=6 FarRed=8 Pre=1 Post=4 Mod=0.25 Filter=5""
",,,,,,,,,,,,,,,,,,,,,,,,,,,,,,,,,,,,,,,,,,,,,,,,,,,,,,,,,,,,,,,,,,,,,,,,,,,,,,,,,,,,,
Remark=,"""11:14:54 Fo'=149""
",,,,,,,,,,,,,,,,,,,,,,,,,,,,,,,,,,,,,,,,,,,,,,,,,,,,,,,,,,,,,,,,,,,,,,,,,,,,,,,,,,,,,
Remark=,"""11:15:16 Flow: Fixed -> 300 umol/s""
",,,,,,,,,,,,,,,,,,,,,,,,,,,,,,,,,,,,,,,,,,,,,,,,,,,,,,,,,,,,,,,,,,,,,,,,,,,,,,,,,,,,,
8,11:14:54,2454.500316,0,21.21930749,0.232870928,231.3591027,8,7,135.9916534,673.6231689,149.3144531,357.0221558,188.451004,0.798119097,0.581778187,0.472158797,-4.169941362,0.87,0.92,9.788665771,0.874894333,0.026395382,0.811578721,0.60384465,0.886782537,1099.426758,0.5,227.0805808,6.825597064,2.287409423,24.09417725,0.713999987,6.387570118,1,12.77514024,22.40847969,24.09417725,20.82793236,400.0063171,394.3278198,7.622572422,9.228599548,21.99944305,26.63458633,300.6487732,1099.426758,480.7355347,78.51139832,16.74928474,0.092737786,0.164711878,0.011377375,0.16664426,0.011128435,1,-1.355140209,7.355140209,1,0,0.159999996,111115,4.21076721,0.006825597,297.2441772,295.5584797,175.9082773,-0.404899382,3.011959678,38.36334268,29.13474313,23.25132847,2.862901502,0.228702046,0.724550255,2.138351247,0.14330757,18.16432667,0.586717678,23.59726034,392.085491,0.012770621,537.6315155,961.8822398,207.7077026,0.76266013,0.588881053
Remark=,"""11:15:18 LCF Lamp: ParIn -> 1300 uml, with blue = 10 percent, actinic on""
",,,,,,,,,,,,,,,,,,,,,,,,,,,,,,,,,,,,,,,,,,,,,,,,,,,,,,,,,,,,,,,,,,,,,,,,,,,,,,,,,,,,,
Remark=,"""11:17:25 Fs=186 Msr=3 Mod=0.25 Filter=5 Gain=10""
",,,,,,,,,,,,,,,,,,,,,,,,,,,,,,,,,,,,,,,,,,,,,,,,,,,,,,,,,,,,,,,,,,,,,,,,,,,,,,,,,,,,,
Remark=,"""11:17:25 RF#9 8136 um, Fmax=324 Int=9 Mod=20 Filter=50""
",,,,,,,,,,,,,,,,,,,,,,,,,,,,,,,,,,,,,,,,,,,,,,,,,,,,,,,,,,,,,,,,,,,,,,,,,,,,,,,,,,,,,
Remark=,"""11:17:26 Fm'=324""
",,,,,,,,,,,,,,,,,,,,,,,,,,,,,,,,,,,,,,,,,,,,,,,,,,,,,,,,,,,,,,,,,,,,,,,,,,,,,,,,,,,,,
Remark=,"""11:17:34 Dark#8 Fmin=144 Dur=6 FarRed=8 Pre=1 Post=4 Mod=0.25 Filter=5""
",,,,,,,,,,,,,,,,,,,,,,,,,,,,,,,,,,,,,,,,,,,,,,,,,,,,,,,,,,,,,,,,,,,,,,,,,,,,,,,,,,,,,
Remark=,"""11:17:34 Fo'=144""
",,,,,,,,,,,,,,,,,,,,,,,,,,,,,,,,,,,,,,,,,,,,,,,,,,,,,,,,,,,,,,,,,,,,,,,,,,,,,,,,,,,,,
Remark=,"""11:17:56 Flow: Fixed -> 300 umol/s""
",,,,,,,,,,,,,,,,,,,,,,,,,,,,,,,,,,,,,,,,,,,,,,,,,,,,,,,,,,,,,,,,,,,,,,,,,,,,,,,,,,,,,
9,11:17:34,2614.500316,0,23.1538053,0.248563655,227.5789731,9,8,135.9916534,673.6231689,144.4938965,324.5785828,186.0839386,0.798119097,0.554826153,0.426690643,-4.169941362,0.87,0.92,9.816422462,0.874908211,0.024003595,0.769052866,0.659658432,1.07537775,1301.072388,0.5,242.8550149,7.269563863,2.284928985,24.14333916,0.713999987,6.387570118,1,12.77514024,22.04523659,24.14333916,20.20259094,400.0631714,393.8852844,7.663178921,9.373187065,22.6120739,27.65786934,300.6896362,1301.072388,483.4082642,78.51445007,16.80415344,0.094852276,0.152479857,0.009208242,0.225423485,0.010558991,1,-1.355140209,7.355140209,1,0,0.159999996,111115,4.211339522,0.007269564,297.2933392,295.1952366,208.1715774,-0.382137271,3.020859612,38.47520564,29.10201858,23.09428787,2.835853711,0.243819698,0.735930628,2.099923083,0.152806542,17.86823792,0.577779831,23.98666632,391.4385295,0.014188246,537.6315155,1138.318915,180.0846863,0.734380928,0.649226424
Remark=,"""11:17:58 LCF Lamp: ParIn -> 1500 uml, with blue = 10 percent, actinic on""
",,,,,,,,,,,,,,,,,,,,,,,,,,,,,,,,,,,,,,,,,,,,,,,,,,,,,,,,,,,,,,,,,,,,,,,,,,,,,,,,,,,,,
Remark=,"""11:20:00 Fs=184 Msr=3 Mod=0.25 Filter=5 Gain=10""
",,,,,,,,,,,,,,,,,,,,,,,,,,,,,,,,,,,,,,,,,,,,,,,,,,,,,,,,,,,,,,,,,,,,,,,,,,,,,,,,,,,,,
Remark=,"""11:20:00 RF#10 8213 um, Fmax=298 Int=9 Mod=20 Filter=50""
",,,,,,,,,,,,,,,,,,,,,,,,,,,,,,,,,,,,,,,,,,,,,,,,,,,,,,,,,,,,,,,,,,,,,,,,,,,,,,,,,,,,,
Remark=,"""11:20:01 Fm'=298""
",,,,,,,,,,,,,,,,,,,,,,,,,,,,,,,,,,,,,,,,,,,,,,,,,,,,,,,,,,,,,,,,,,,,,,,,,,,,,,,,,,,,,
Remark=,"""11:20:09 Dark#9 Fmin=140 Dur=6 FarRed=8 Pre=1 Post=4 Mod=0.25 Filter=5""
",,,,,,,,,,,,,,,,,,,,,,,,,,,,,,,,,,,,,,,,,,,,,,,,,,,,,,,,,,,,,,,,,,,,,,,,,,,,,,,,,,,,,
Remark=,"""11:20:09 Fo'=140""
",,,,,,,,,,,,,,,,,,,,,,,,,,,,,,,,,,,,,,,,,,,,,,,,,,,,,,,,,,,,,,,,,,,,,,,,,,,,,,,,,,,,,
Remark=,"""11:20:31 Flow: Fixed -> 300 umol/s""
",,,,,,,,,,,,,,,,,,,,,,,,,,,,,,,,,,,,,,,,,,,,,,,,,,,,,,,,,,,,,,,,,,,,,,,,,,,,,,,,,,,,,
10,11:20:09,2769.500316,0,24.35922139,0.261599366,227.3807854,10,9,135.9916534,673.6231689,140.9528809,298.6853027,184.8244324,0.798119097,0.528088997,0.381206806,-4.169941362,0.87,0.92,9.754099846,0.87487705,0.021750272,0.721860915,0.703883574,1.255293993,1499.26123,0.5,250.0086214,7.582615971,2.266894314,24.08948326,0.713999987,6.387570118,1,12.77514024,21.81842041,24.08948326,19.96646881,400.125824,393.6323242,7.694936752,9.478547096,23.02264977,28.35906982,300.6638184,1499.26123,489.5080566,78.51591492,16.87442017,0.09609773,0.2107348,0.010612398,0.207042292,0.011624256,1,-1.355140209,7.355140209,1,0,0.159999996,111115,4.210977927,0.007582616,297.2394833,294.9684204,239.8817915,-0.337151746,3.011111111,38.35032827,28.87178117,22.95395184,2.811872428,0.25635003,0.744216797,2.067655631,0.160682262,17.8530104,0.577647646,24.41888614,391.0581882,0.015210653,537.6315155,1311.669242,157.7324219,0.699848278,0.697388184
Remark=,"""11:20:33 LCF Lamp: ParIn -> 1800 uml, with blue = 10 percent, actinic on""
",,,,,,,,,,,,,,,,,,,,,,,,,,,,,,,,,,,,,,,,,,,,,,,,,,,,,,,,,,,,,,,,,,,,,,,,,,,,,,,,,,,,,
Remark=,"""11:22:42 Fs=183 Msr=3 Mod=0.25 Filter=5 Gain=10""
",,,,,,,,,,,,,,,,,,,,,,,,,,,,,,,,,,,,,,,,,,,,,,,,,,,,,,,,,,,,,,,,,,,,,,,,,,,,,,,,,,,,,
Remark=,"""11:22:42 RF#11 8350 um, Fmax=266 Int=9 Mod=20 Filter=50""
",,,,,,,,,,,,,,,,,,,,,,,,,,,,,,,,,,,,,,,,,,,,,,,,,,,,,,,,,,,,,,,,,,,,,,,,,,,,,,,,,,,,,
Remark=,"""11:22:43 Fm'=266""
",,,,,,,,,,,,,,,,,,,,,,,,,,,,,,,,,,,,,,,,,,,,,,,,,,,,,,,,,,,,,,,,,,,,,,,,,,,,,,,,,,,,,
Remark=,"""11:22:51 Dark#10 Fmin=136 Dur=6 FarRed=8 Pre=1 Post=4 Mod=0.25 Filter=5""
",,,,,,,,,,,,,,,,,,,,,,,,,,,,,,,,,,,,,,,,,,,,,,,,,,,,,,,,,,,,,,,,,,,,,,,,,,,,,,,,,,,,,
Remark=,"""11:22:51 Fo'=136""
",,,,,,,,,,,,,,,,,,,,,,,,,,,,,,,,,,,,,,,,,,,,,,,,,,,,,,,,,,,,,,,,,,,,,,,,,,,,,,,,,,,,,
Remark=,"""11:23:13 Flow: Fixed -> 300 umol/s""
",,,,,,,,,,,,,,,,,,,,,,,,,,,,,,,,,,,,,,,,,,,,,,,,,,,,,,,,,,,,,,,,,,,,,,,,,,,,,,,,,,,,,
11,11:22:51,2931.500316,0,25.26237906,0.275500088,229.106787,11,10,135.9916534,673.6231689,136.1708984,266.8188477,183.4793549,0.798119097,0.489650377,0.312344849,-4.169941362,0.87,0.92,9.9796772,0.874989839,0.018705312,0.637893616,0.756912462,1.524646122,1798.276733,0.5,245.7332293,8.014561275,2.277118989,24.21368408,0.713999987,6.387570118,1,12.77514024,21.79109573,24.21368408,19.93310738,400.0299072,393.2824097,7.750004292,9.634867668,23.2269001,28.87586975,300.6723022,1798.276733,481.336853,78.51850128,16.85414505,0.095323108,0.082730696,0.010542843,0.102908932,0.01151152,1,-1.355140209,7.355140209,1,0,0.159999996,111115,4.211096749,0.008014561,297.3636841,294.9410957,287.7242709,-0.260991755,3.033634358,38.63591776,29.00105009,23.00238991,2.820129626,0.269684259,0.756515369,2.063614257,0.169065704,17.98912155,0.582550303,24.70488885,390.6128334,0.015977567,537.6315155,1573.473869,130.6479492,0.637019645,0.756660109
Remark=,"""11:23:15 LCF Lamp: ParIn -> 1800 uml, with blue = 10 percent, actinic on""
",,,,,,,,,,,,,,,,,,,,,,,,,,,,,,,,,,,,,,,,,,,,,,,,,,,,,,,,,,,,,,,,,,,,,,,,,,,,,,,,,,,,,
Remark=,"""11:23:15 CO2 Mixer: CO2R -> 400 uml""
",,,,,,,,,,,,,,,,,,,,,,,,,,,,,,,,,,,,,,,,,,,,,,,,,,,,,,,,,,,,,,,,,,,,,,,,,,,,,,,,,,,,,
Remark=,"""11:23:15 Coolers: Tleaf -> 24.00 C""
",,,,,,,,,,,,,,,,,,,,,,,,,,,,,,,,,,,,,,,,,,,,,,,,,,,,,,,,,,,,,,,,,,,,,,,,,,,,,,,,,,,,,
Remark=,"""11:23:15 Flow: Fixed -> 300 umol/s""
",,,,,,,,,,,,,,,,,,,,,,,,,,,,,,,,,,,,,,,,,,,,,,,,,,,,,,,,,,,,,,,,,,,,,,,,,,,,,,,,,,,,,
Remark=,"""11:29:29 LCF Lamp: ParIn -> 700 uml, with blue = 10 percent, actinic on""
",,,,,,,,,,,,,,,,,,,,,,,,,,,,,,,,,,,,,,,,,,,,,,,,,,,,,,,,,,,,,,,,,,,,,,,,,,,,,,,,,,,,,
Remark=,"""11:29:59 27_light""
",,,,,,,,,,,,,,,,,,,,,,,,,,,,,,,,,,,,,,,,,,,,,,,,,,,,,,,,,,,,,,,,,,,,,,,,,,,,,,,,,,,,,
Remark=,"""11:30:10 Launched AutoProg /User/Configs/AutoProgs/LightCurve2""
",,,,,,,,,,,,,,,,,,,,,,,,,,,,,,,,,,,,,,,,,,,,,,,,,,,,,,,,,,,,,,,,,,,,,,,,,,,,,,,,,,,,,
Remark=,"""11:31:04 LCF Lamp: ParIn -> 700 uml, with blue = 10 percent, actinic on""
",,,,,,,,,,,,,,,,,,,,,,,,,,,,,,,,,,,,,,,,,,,,,,,,,,,,,,,,,,,,,,,,,,,,,,,,,,,,,,,,,,,,,
Remark=,"""11:31:05 CO2 Mixer: CO2R -> 400 uml""
",,,,,,,,,,,,,,,,,,,,,,,,,,,,,,,,,,,,,,,,,,,,,,,,,,,,,,,,,,,,,,,,,,,,,,,,,,,,,,,,,,,,,
Remark=,"""11:31:05 Coolers: Tleaf -> 24.00 C""
",,,,,,,,,,,,,,,,,,,,,,,,,,,,,,,,,,,,,,,,,,,,,,,,,,,,,,,,,,,,,,,,,,,,,,,,,,,,,,,,,,,,,
Remark=,"""11:31:05 Flow: Fixed -> 300 umol/s""
",,,,,,,,,,,,,,,,,,,,,,,,,,,,,,,,,,,,,,,,,,,,,,,,,,,,,,,,,,,,,,,,,,,,,,,,,,,,,,,,,,,,,
Remark=,"""11:31:05 LCF Lamp: Off""
",,,,,,,,,,,,,,,,,,,,,,,,,,,,,,,,,,,,,,,,,,,,,,,,,,,,,,,,,,,,,,,,,,,,,,,,,,,,,,,,,,,,,
Remark=,"""11:34:12 Fo=225""
",,,,,,,,,,,,,,,,,,,,,,,,,,,,,,,,,,,,,,,,,,,,,,,,,,,,,,,,,,,,,,,,,,,,,,,,,,,,,,,,,,,,,
Remark=,"""11:34:12 RF#12 7544 um, Fmax=317 Int=9 Mod=20 Filter=50""
",,,,,,,,,,,,,,,,,,,,,,,,,,,,,,,,,,,,,,,,,,,,,,,,,,,,,,,,,,,,,,,,,,,,,,,,,,,,,,,,,,,,,
Remark=,"""11:34:13 Fm=317""
",,,,,,,,,,,,,,,,,,,,,,,,,,,,,,,,,,,,,,,,,,,,,,,,,,,,,,,,,,,,,,,,,,,,,,,,,,,,,,,,,,,,,
Remark=,"""11:34:34 Flow: Fixed -> 300 umol/s""
",,,,,,,,,,,,,,,,,,,,,,,,,,,,,,,,,,,,,,,,,,,,,,,,,,,,,,,,,,,,,,,,,,,,,,,,,,,,,,,,,,,,,
12,11:34:13,3612.500316,0,-5.700558704,0.159230645,437.7181965,12,10,225.7026825,317.6676636,0,0,0,0.289500606,#DIV/0!,#DIV/0!,-3.85602125,0.87,0.92,0,0.87,-0.932293573,#DIV/0!,1,#DIV/0!,1798.276733,0.5,#DIV/0!,4.858089007,2.365498476,24.4124012,0.449999988,6.745327131,1,13.49065426,22.37961578,24.4124012,20.66073799,399.962738,400.5247192,8.251911163,8.972502708,23.85879517,25.94224358,300.6592102,2.274131298,233.7217102,78.51529694,16.99593353,0.216778353,0.022684779,0.002808838,0.015478895,0.003226734,0.75,-1.355140209,7.355140209,1,0,0.159999996,111115,6.681315959,0.004858089,297.5624012,295.5296158,0.363861,-0.631245138,3.069977191,39.10037038,30.12786767,23.39600849,2.888019811,0.157373164,0.704478714,2.183541097,0.098523441,34.36757417,1.092861877,21.97065836,401.09517,-0.003122576,91.96498108,1.978494229,0,0,3.454224204
Remark=,"""11:34:34 LCF Lamp: ParIn -> 700 uml, with blue = 10 percent, actinic on""
",,,,,,,,,,,,,,,,,,,,,,,,,,,,,,,,,,,,,,,,,,,,,,,,,,,,,,,,,,,,,,,,,,,,,,,,,,,,,,,,,,,,,
Remark=,"""11:39:35 LCF Lamp: ParIn -> 0 uml, with blue = 10 percent, actinic on""
",,,,,,,,,,,,,,,,,,,,,,,,,,,,,,,,,,,,,,,,,,,,,,,,,,,,,,,,,,,,,,,,,,,,,,,,,,,,,,,,,,,,,
Remark=,"""11:44:36 Fs=236 Msr=3 Mod=0.25 Filter=5 Gain=10""
",,,,,,,,,,,,,,,,,,,,,,,,,,,,,,,,,,,,,,,,,,,,,,,,,,,,,,,,,,,,,,,,,,,,,,,,,,,,,,,,,,,,,
Remark=,"""11:44:36 RF#13 7582 um, Fmax=327 Int=9 Mod=20 Filter=50""
",,,,,,,,,,,,,,,,,,,,,,,,,,,,,,,,,,,,,,,,,,,,,,,,,,,,,,,,,,,,,,,,,,,,,,,,,,,,,,,,,,,,,
Remark=,"""11:44:37 Fm'=327""
",,,,,,,,,,,,,,,,,,,,,,,,,,,,,,,,,,,,,,,,,,,,,,,,,,,,,,,,,,,,,,,,,,,,,,,,,,,,,,,,,,,,,
Remark=,"""11:44:45 Dark#11 Fmin=277 Dur=6 FarRed=8 Pre=1 Post=4 Mod=0.25 Filter=5""
",,,,,,,,,,,,,,,,,,,,,,,,,,,,,,,,,,,,,,,,,,,,,,,,,,,,,,,,,,,,,,,,,,,,,,,,,,,,,,,,,,,,,
Remark=,"""11:44:45 Fo'=277""
",,,,,,,,,,,,,,,,,,,,,,,,,,,,,,,,,,,,,,,,,,,,,,,,,,,,,,,,,,,,,,,,,,,,,,,,,,,,,,,,,,,,,
Remark=,"""11:45:06 Flow: Fixed -> 300 umol/s""
",,,,,,,,,,,,,,,,,,,,,,,,,,,,,,,,,,,,,,,,,,,,,,,,,,,,,,,,,,,,,,,,,,,,,,,,,,,,,,,,,,,,,
13,11:44:45,4244.500316,0,-4.158784267,0.128976717,432.6398101,13,11,225.7026825,317.6676636,277.3491211,327.7355042,236.7877197,0.289500606,0.153740997,0.277503607,-3.85602125,0.87,0.92,0,0.87,-0.089075981,1.805007204,-0.249707454,-0.030719408,3.906816006,0.5,0.471607656,3.796368722,2.278748271,23.88586426,0.449999988,6.745327131,1,13.49065426,22.06845474,23.88586426,20.58900452,400.0081482,400.4031067,8.297700882,8.860901833,24.45133209,26.11094856,300.6437073,3.906816006,248.4908905,78.51951599,16.60523796,0.23252742,0.031038163,0.001581079,0.019623214,0.000908912,1,-1.355140209,7.355140209,1,0,0.159999996,111115,6.68097145,0.003796369,297.0358643,295.2184547,0.625090547,-0.499088177,2.974501994,37.88232717,29.02142534,22.9771595,2.815825976,0.127755319,0.695753723,2.120072253,0.079955918,33.97066849,1.080510623,22.30010773,400.8192732,-0.002313794,91.96498108,3.398929925,50.38638306,0.891358123,-0.10947472
Remark=,"""11:45:08 LCF Lamp: ParIn -> 100 uml, with blue = 10 percent, actinic on""
",,,,,,,,,,,,,,,,,,,,,,,,,,,,,,,,,,,,,,,,,,,,,,,,,,,,,,,,,,,,,,,,,,,,,,,,,,,,,,,,,,,,,
Remark=,"""11:47:34 Fs=230 Msr=3 Mod=0.25 Filter=5 Gain=10""
",,,,,,,,,,,,,,,,,,,,,,,,,,,,,,,,,,,,,,,,,,,,,,,,,,,,,,,,,,,,,,,,,,,,,,,,,,,,,,,,,,,,,
Remark=,"""11:47:34 RF#14 7611 um, Fmax=281 Int=9 Mod=20 Filter=50""
",,,,,,,,,,,,,,,,,,,,,,,,,,,,,,,,,,,,,,,,,,,,,,,,,,,,,,,,,,,,,,,,,,,,,,,,,,,,,,,,,,,,,
Remark=,"""11:47:35 Fm'=281""
",,,,,,,,,,,,,,,,,,,,,,,,,,,,,,,,,,,,,,,,,,,,,,,,,,,,,,,,,,,,,,,,,,,,,,,,,,,,,,,,,,,,,
Remark=,"""11:47:43 Dark#12 Fmin=221 Dur=6 FarRed=8 Pre=1 Post=4 Mod=0.25 Filter=5""
",,,,,,,,,,,,,,,,,,,,,,,,,,,,,,,,,,,,,,,,,,,,,,,,,,,,,,,,,,,,,,,,,,,,,,,,,,,,,,,,,,,,,
Remark=,"""11:47:43 Fo'=221""
",,,,,,,,,,,,,,,,,,,,,,,,,,,,,,,,,,,,,,,,,,,,,,,,,,,,,,,,,,,,,,,,,,,,,,,,,,,,,,,,,,,,,
Remark=,"""11:48:03 Flow: Fixed -> 300 umol/s""
",,,,,,,,,,,,,,,,,,,,,,,,,,,,,,,,,,,,,,,,,,,,,,,,,,,,,,,,,,,,,,,,,,,,,,,,,,,,,,,,,,,,,
14,11:47:43,4422.000316,0,-2.348361559,0.110045238,415.0722356,14,12,225.7026825,317.6676636,221.4755859,281.7891235,230.981781,0.289500606,0.214037848,0.18030271,-3.85602125,0.87,0.92,9.705625534,0.874852813,0.017463842,0.842387042,0.372988513,0.127324077,98.67986298,0.5,7.782798529,3.282419243,2.30574483,24.01304054,0.449999988,6.745327131,1,13.49065426,22.07353973,24.01304054,20.58715057,400.1271057,400.2819519,8.320575714,8.807582855,24.5114727,25.94614029,300.6278381,98.67986298,246.7831421,78.52058411,16.64344597,0.233070016,0.015704142,0.000573643,0.027033823,0.000530836,1,-1.355140209,7.355140209,1,0,0.159999996,111115,6.680618802,0.003282419,297.1630405,295.2235397,15.78877772,-0.401864148,2.997321381,38.17242848,29.36484562,23.04329014,2.827118364,0.109154846,0.69157655,2.135541814,0.06830122,32.59171439,1.036949664,21.86007203,400.5169507,-0.001281727,91.96498108,86.33035569,60.3135376,0.905875673,0.390132631
Remark=,"""11:48:05 LCF Lamp: ParIn -> 300 uml, with blue = 10 percent, actinic on""
",,,,,,,,,,,,,,,,,,,,,,,,,,,,,,,,,,,,,,,,,,,,,,,,,,,,,,,,,,,,,,,,,,,,,,,,,,,,,,,,,,,,,
Remark=,"""11:51:07 Fs=239 Msr=3 Mod=0.25 Filter=5 Gain=10""
",,,,,,,,,,,,,,,,,,,,,,,,,,,,,,,,,,,,,,,,,,,,,,,,,,,,,,,,,,,,,,,,,,,,,,,,,,,,,,,,,,,,,
Remark=,"""11:51:07 RF#15 7709 um, Fmax=275 Int=9 Mod=20 Filter=50""
",,,,,,,,,,,,,,,,,,,,,,,,,,,,,,,,,,,,,,,,,,,,,,,,,,,,,,,,,,,,,,,,,,,,,,,,,,,,,,,,,,,,,
Remark=,"""11:51:08 Fm'=275""
",,,,,,,,,,,,,,,,,,,,,,,,,,,,,,,,,,,,,,,,,,,,,,,,,,,,,,,,,,,,,,,,,,,,,,,,,,,,,,,,,,,,,
Remark=,"""11:51:16 Dark#13 Fmin=220 Dur=6 FarRed=8 Pre=1 Post=4 Mod=0.25 Filter=5""
",,,,,,,,,,,,,,,,,,,,,,,,,,,,,,,,,,,,,,,,,,,,,,,,,,,,,,,,,,,,,,,,,,,,,,,,,,,,,,,,,,,,,
Remark=,"""11:51:16 Fo'=220""
",,,,,,,,,,,,,,,,,,,,,,,,,,,,,,,,,,,,,,,,,,,,,,,,,,,,,,,,,,,,,,,,,,,,,,,,,,,,,,,,,,,,,
Remark=,"""11:51:36 Flow: Fixed -> 300 umol/s""
",,,,,,,,,,,,,,,,,,,,,,,,,,,,,,,,,,,,,,,,,,,,,,,,,,,,,,,,,,,,,,,,,,,,,,,,,,,,,,,,,,,,,
15,11:51:16,4634.500316,0,-1.437899858,0.102730303,403.1124512,15,13,225.7026825,317.6676636,220.1477051,275.2237854,239.6938171,0.289500606,0.20011381,0.129094832,-3.85602125,0.87,0.92,10.05089569,0.875025448,0.009253268,0.64510706,0.435232734,0.15421588,298.6498413,0.5,16.86793163,3.100593873,2.331411315,24.15105438,0.449999988,6.745327131,1,13.49065426,22.10112,24.15105438,20.58633041,400.0621643,400.0917053,8.338588715,8.798563004,24.5225296,25.87524414,300.6669922,298.6498413,244.4605103,78.51817322,16.73049164,0.238579676,0.041215286,0.001763439,0.026143773,0.001801887,1,-1.355140209,7.355140209,1,0,0.159999996,111115,6.681488892,0.003100594,297.3010544,295.25112,47.78397354,-0.298486942,3.022258409,38.49119618,29.69263317,23.12608719,2.841312525,0.101953932,0.690847094,2.150465431,0.063790508,31.65165327,1.007550134,21.58757126,400.2355949,-0.000775562,91.96498108,261.3262111,55.07608032,0.717471263,0.461522176
Remark=,"""11:51:38 LCF Lamp: ParIn -> 500 uml, with blue = 10 percent, actinic on""
",,,,,,,,,,,,,,,,,,,,,,,,,,,,,,,,,,,,,,,,,,,,,,,,,,,,,,,,,,,,,,,,,,,,,,,,,,,,,,,,,,,,,
Remark=,"""11:56:39 Fs=245 Msr=3 Mod=0.25 Filter=5 Gain=10""
",,,,,,,,,,,,,,,,,,,,,,,,,,,,,,,,,,,,,,,,,,,,,,,,,,,,,,,,,,,,,,,,,,,,,,,,,,,,,,,,,,,,,
Remark=,"""11:56:39 RF#16 7787 um, Fmax=272 Int=9 Mod=20 Filter=50""
",,,,,,,,,,,,,,,,,,,,,,,,,,,,,,,,,,,,,,,,,,,,,,,,,,,,,,,,,,,,,,,,,,,,,,,,,,,,,,,,,,,,,
Remark=,"""11:56:40 Fm'=272""
",,,,,,,,,,,,,,,,,,,,,,,,,,,,,,,,,,,,,,,,,,,,,,,,,,,,,,,,,,,,,,,,,,,,,,,,,,,,,,,,,,,,,
Remark=,"""11:56:48 Dark#14 Fmin=223 Dur=6 FarRed=8 Pre=1 Post=4 Mod=0.25 Filter=5""
",,,,,,,,,,,,,,,,,,,,,,,,,,,,,,,,,,,,,,,,,,,,,,,,,,,,,,,,,,,,,,,,,,,,,,,,,,,,,,,,,,,,,
Remark=,"""11:56:48 Fo'=223""
",,,,,,,,,,,,,,,,,,,,,,,,,,,,,,,,,,,,,,,,,,,,,,,,,,,,,,,,,,,,,,,,,,,,,,,,,,,,,,,,,,,,,
Remark=,"""11:57:08 Flow: Fixed -> 300 umol/s""
",,,,,,,,,,,,,,,,,,,,,,,,,,,,,,,,,,,,,,,,,,,,,,,,,,,,,,,,,,,,,,,,,,,,,,,,,,,,,,,,,,,,,
16,11:56:48,4967.000316,0,-1.101124107,0.109334753,396.8140881,16,14,225.7026825,317.6676636,223.7294922,272.9631958,245.1651459,0.289500606,0.180367553,0.101838088,-3.85602125,0.87,0.92,9.709600449,0.8748548,0.006290852,0.564614236,0.475892463,0.163774708,500.5643921,0.5,22.29852686,3.285468922,2.322308903,24.12548447,0.449999988,6.745327131,1,13.49065426,21.56707001,24.12548447,19.81690598,399.9053345,399.8735046,8.368113518,8.855538368,25.42495155,26.90590096,300.6347351,500.5643921,247.5579376,78.51761627,16.89513969,0.24459298,0.024160583,0.002087059,0.025491899,0.002569396,0.75,-1.355140209,7.355140209,1,0,0.159999996,111115,6.680772068,0.003285469,297.2754845,294.71707,80.09030094,-0.249057306,3.017624667,38.43245389,29.57691552,22.84627724,2.793592955,0.108455775,0.695315763,2.098277192,0.067863286,31.1568963,0.992349039,21.8118352,399.9836933,-0.000600463,91.96498108,437.9211612,49.23370361,0.588187643,0.486103158
Remark=,"""11:57:10 LCF Lamp: ParIn -> 700 uml, with blue = 10 percent, actinic on""
",,,,,,,,,,,,,,,,,,,,,,,,,,,,,,,,,,,,,,,,,,,,,,,,,,,,,,,,,,,,,,,,,,,,,,,,,,,,,,,,,,,,,
Remark=,"""12:02:11 Fs=244 Msr=3 Mod=0.25 Filter=5 Gain=10""
",,,,,,,,,,,,,,,,,,,,,,,,,,,,,,,,,,,,,,,,,,,,,,,,,,,,,,,,,,,,,,,,,,,,,,,,,,,,,,,,,,,,,
Remark=,"""12:02:11 RF#17 7857 um, Fmax=266 Int=9 Mod=20 Filter=50""
",,,,,,,,,,,,,,,,,,,,,,,,,,,,,,,,,,,,,,,,,,,,,,,,,,,,,,,,,,,,,,,,,,,,,,,,,,,,,,,,,,,,,
Remark=,"""12:02:12 Fm'=266""
",,,,,,,,,,,,,,,,,,,,,,,,,,,,,,,,,,,,,,,,,,,,,,,,,,,,,,,,,,,,,,,,,,,,,,,,,,,,,,,,,,,,,
Remark=,"""12:02:20 Dark#15 Fmin=221 Dur=6 FarRed=8 Pre=1 Post=4 Mod=0.25 Filter=5""
",,,,,,,,,,,,,,,,,,,,,,,,,,,,,,,,,,,,,,,,,,,,,,,,,,,,,,,,,,,,,,,,,,,,,,,,,,,,,,,,,,,,,
Remark=,"""12:02:20 Fo'=221""
",,,,,,,,,,,,,,,,,,,,,,,,,,,,,,,,,,,,,,,,,,,,,,,,,,,,,,,,,,,,,,,,,,,,,,,,,,,,,,,,,,,,,
Remark=,"""12:02:41 Flow: Fixed -> 300 umol/s""
",,,,,,,,,,,,,,,,,,,,,,,,,,,,,,,,,,,,,,,,,,,,,,,,,,,,,,,,,,,,,,,,,,,,,,,,,,,,,,,,,,,,,
17,12:02:20,5299.500316,0,1.67890792,0.125905648,359.4077592,17,15,225.7026825,317.6676636,221.8596191,266.20047,244.558136,0.289500606,0.166569393,0.081300886,-3.85602125,0.87,0.92,9.801865578,0.874900933,0.009013233,0.488090183,0.537190733,0.19333998,701.8956909,0.5,24.96299772,3.860420621,2.371448207,24.42885399,0.449999988,6.745327131,1,13.49065426,21.61765671,24.42885399,19.83420372,400.1644287,399.6821899,8.362564087,8.935219765,25.32896042,27.06344795,300.6461182,701.8956909,340.1088257,78.51569366,16.87111092,0.248718858,0.037262086,0.001735195,0.034935184,0.001994842,1,-1.355140209,7.355140209,1,0,0.159999996,111115,6.681025025,0.003860421,297.578854,294.7676567,112.303308,-0.238431391,3.073003185,39.13871281,30.20349304,23.02325535,2.823693072,0.12474146,0.701554978,2.122138094,0.078067178,28.21914952,0.899233862,21.6601246,399.5141828,0.000910239,91.96498108,614.0891947,44.34085083,0.534407812,0.559639039
Remark=,"""12:02:43 LCF Lamp: ParIn -> 900 uml, with blue = 10 percent, actinic on""
",,,,,,,,,,,,,,,,,,,,,,,,,,,,,,,,,,,,,,,,,,,,,,,,,,,,,,,,,,,,,,,,,,,,,,,,,,,,,,,,,,,,,
Remark=,"""12:07:44 Fs=242 Msr=3 Mod=0.25 Filter=5 Gain=10""
",,,,,,,,,,,,,,,,,,,,,,,,,,,,,,,,,,,,,,,,,,,,,,,,,,,,,,,,,,,,,,,,,,,,,,,,,,,,,,,,,,,,,
Remark=,"""12:07:44 RF#18 7927 um, Fmax=261 Int=9 Mod=20 Filter=50""
",,,,,,,,,,,,,,,,,,,,,,,,,,,,,,,,,,,,,,,,,,,,,,,,,,,,,,,,,,,,,,,,,,,,,,,,,,,,,,,,,,,,,
Remark=,"""12:07:45 Fm'=261""
",,,,,,,,,,,,,,,,,,,,,,,,,,,,,,,,,,,,,,,,,,,,,,,,,,,,,,,,,,,,,,,,,,,,,,,,,,,,,,,,,,,,,
Remark=,"""12:07:53 Dark#16 Fmin=220 Dur=6 FarRed=8 Pre=1 Post=4 Mod=0.25 Filter=5""
",,,,,,,,,,,,,,,,,,,,,,,,,,,,,,,,,,,,,,,,,,,,,,,,,,,,,,,,,,,,,,,,,,,,,,,,,,,,,,,,,,,,,
Remark=,"""12:07:53 Fo'=220""
",,,,,,,,,,,,,,,,,,,,,,,,,,,,,,,,,,,,,,,,,,,,,,,,,,,,,,,,,,,,,,,,,,,,,,,,,,,,,,,,,,,,,
Remark=,"""12:08:14 Flow: Fixed -> 300 umol/s""
",,,,,,,,,,,,,,,,,,,,,,,,,,,,,,,,,,,,,,,,,,,,,,,,,,,,,,,,,,,,,,,,,,,,,,,,,,,,,,,,,,,,,
18,12:07:53,5632.500316,0,2.691320628,0.143161863,349.9828903,18,16,225.7026825,317.6676636,220.6577148,261.4524231,242.8990021,0.289500606,0.156031096,0.070962896,-3.85602125,0.87,0.92,9.813209534,0.874906605,0.008305006,0.454799699,0.579479128,0.215011358,901.0800781,0.5,27.97218656,4.521195018,2.444341823,24.85650826,0.449999988,6.745327131,1,13.49065426,21.92061996,24.85650826,20.11544037,400.1141052,399.440918,8.349514961,9.020178795,24.82600021,26.82011604,300.6253967,901.0800781,345.4252319,78.51679993,17.08811378,0.251111209,0.037487838,0.003489652,0.01830945,0.002267072,1,-1.355140209,7.355140209,1,0,0.159999996,111115,6.680564549,0.004521195,298.0065083,295.07062,144.1728093,-0.235169977,3.152577397,40.1516287,31.1314499,23.38856411,2.886722683,0.141658592,0.708235574,2.178487109,0.088670463,27.47953658,0.87618187,21.34565233,399.1715995,0.00143918,91.96498108,788.3609118,40.79470825,0.518980577,0.611267896
Remark=,"""12:08:16 LCF Lamp: ParIn -> 1100 uml, with blue = 10 percent, actinic on""
",,,,,,,,,,,,,,,,,,,,,,,,,,,,,,,,,,,,,,,,,,,,,,,,,,,,,,,,,,,,,,,,,,,,,,,,,,,,,,,,,,,,,
Remark=,"""12:13:17 Fs=239 Msr=3 Mod=0.25 Filter=5 Gain=10""
",,,,,,,,,,,,,,,,,,,,,,,,,,,,,,,,,,,,,,,,,,,,,,,,,,,,,,,,,,,,,,,,,,,,,,,,,,,,,,,,,,,,,
Remark=,"""12:13:17 RF#19 8016 um, Fmax=255 Int=9 Mod=20 Filter=50""
",,,,,,,,,,,,,,,,,,,,,,,,,,,,,,,,,,,,,,,,,,,,,,,,,,,,,,,,,,,,,,,,,,,,,,,,,,,,,,,,,,,,,
Remark=,"""12:13:18 Fm'=255""
",,,,,,,,,,,,,,,,,,,,,,,,,,,,,,,,,,,,,,,,,,,,,,,,,,,,,,,,,,,,,,,,,,,,,,,,,,,,,,,,,,,,,
Remark=,"""12:13:26 Dark#17 Fmin=217 Dur=6 FarRed=8 Pre=1 Post=4 Mod=0.25 Filter=5""
",,,,,,,,,,,,,,,,,,,,,,,,,,,,,,,,,,,,,,,,,,,,,,,,,,,,,,,,,,,,,,,,,,,,,,,,,,,,,,,,,,,,,
Remark=,"""12:13:26 Fo'=217""
",,,,,,,,,,,,,,,,,,,,,,,,,,,,,,,,,,,,,,,,,,,,,,,,,,,,,,,,,,,,,,,,,,,,,,,,,,,,,,,,,,,,,
Remark=,"""12:13:47 Flow: Fixed -> 300 umol/s""
",,,,,,,,,,,,,,,,,,,,,,,,,,,,,,,,,,,,,,,,,,,,,,,,,,,,,,,,,,,,,,,,,,,,,,,,,,,,,,,,,,,,,
19,12:13:26,5965.500316,0,2.900887487,0.164057339,351.570674,19,17,225.7026825,317.6676636,217.7255859,255.7119446,239.5452576,0.289500606,0.148551366,0.06322226,-3.85602125,0.87,0.92,9.746581078,0.874873291,0.007011093,0.425591912,0.61991626,0.242287153,1101.582886,0.5,30.46508246,5.177679413,2.446003102,24.8614006,0.449999988,6.745327131,1,13.49065426,21.9111042,24.8614006,20.09081459,400.0560913,399.3125305,8.244530678,9.012428284,24.52350426,26.80763054,300.6855469,1101.582886,348.15979,78.50214386,16.95205498,0.252167463,0.085990019,0.002237915,0.08931227,0.000797062,0.75,-1.355140209,7.355140209,1,0,0.159999996,111115,6.681901219,0.005177679,298.0114006,295.0611042,176.2532578,-0.227255272,3.153498043,40.17085252,31.15842423,23.3862524,2.886319989,0.162086239,0.707494942,2.178825047,0.101479165,27.59905163,0.880439874,21.43512124,399.0222408,0.001558331,91.96498108,963.7454441,37.98635864,0.538723244,0.673688161
Remark=,"""12:13:49 LCF Lamp: ParIn -> 1300 uml, with blue = 10 percent, actinic on""
",,,,,,,,,,,,,,,,,,,,,,,,,,,,,,,,,,,,,,,,,,,,,,,,,,,,,,,,,,,,,,,,,,,,,,,,,,,,,,,,,,,,,
Remark=,"""12:18:50 Fs=235 Msr=3 Mod=0.25 Filter=5 Gain=10""
",,,,,,,,,,,,,,,,,,,,,,,,,,,,,,,,,,,,,,,,,,,,,,,,,,,,,,,,,,,,,,,,,,,,,,,,,,,,,,,,,,,,,
Remark=,"""12:18:50 RF#20 8123 um, Fmax=248 Int=9 Mod=20 Filter=50""
",,,,,,,,,,,,,,,,,,,,,,,,,,,,,,,,,,,,,,,,,,,,,,,,,,,,,,,,,,,,,,,,,,,,,,,,,,,,,,,,,,,,,
Remark=,"""12:18:51 Fm'=248""
",,,,,,,,,,,,,,,,,,,,,,,,,,,,,,,,,,,,,,,,,,,,,,,,,,,,,,,,,,,,,,,,,,,,,,,,,,,,,,,,,,,,,
Remark=,"""12:18:59 Dark#18 Fmin=214 Dur=6 FarRed=8 Pre=1 Post=4 Mod=0.25 Filter=5""
",,,,,,,,,,,,,,,,,,,,,,,,,,,,,,,,,,,,,,,,,,,,,,,,,,,,,,,,,,,,,,,,,,,,,,,,,,,,,,,,,,,,,
Remark=,"""12:18:59 Fo'=214""
",,,,,,,,,,,,,,,,,,,,,,,,,,,,,,,,,,,,,,,,,,,,,,,,,,,,,,,,,,,,,,,,,,,,,,,,,,,,,,,,,,,,,
Remark=,"""12:19:20 Flow: Fixed -> 300 umol/s""
",,,,,,,,,,,,,,,,,,,,,,,,,,,,,,,,,,,,,,,,,,,,,,,,,,,,,,,,,,,,,,,,,,,,,,,,,,,,,,,,,,,,,
20,12:18:59,6298.500316,0,3.133096236,0.184323609,352.5413745,20,18,225.7026825,317.6676636,214.8435059,248.2137604,235.2362366,0.289500606,0.134441598,0.05228366,-3.85602125,0.87,0.92,9.816422462,0.874908211,0.006147017,0.38889496,0.675462895,0.279814878,1299.557373,0.5,29.72308849,5.778326366,2.433579618,24.75511551,0.449999988,6.745327131,1,13.49065426,21.74791718,24.75511551,19.93310928,399.941864,399.1277161,8.059711456,8.9168787,24.21303558,26.78814507,300.6485291,1299.557373,343.3768921,78.49948883,16.76908684,0.255111396,0.016547512,0.003224591,0.044782918,0.001012604,1,-1.355140209,7.355140209,1,0,0.159999996,111115,6.6810786,0.005778326,297.9051155,294.8979172,207.929175,-0.215013527,3.133550038,39.91809482,31.00121612,23.25151634,2.862933995,0.18183913,0.69997042,2.162963575,0.11387009,27.67431769,0.883279613,21.46716091,398.8141894,0.001686467,91.96498108,1136.993417,33.37025452,0.576494998,0.755221198
Remark=,"""12:19:22 LCF Lamp: ParIn -> 1500 uml, with blue = 10 percent, actinic on""
",,,,,,,,,,,,,,,,,,,,,,,,,,,,,,,,,,,,,,,,,,,,,,,,,,,,,,,,,,,,,,,,,,,,,,,,,,,,,,,,,,,,,
Remark=,"""12:24:23 Fs=230 Msr=3 Mod=0.25 Filter=5 Gain=10""
",,,,,,,,,,,,,,,,,,,,,,,,,,,,,,,,,,,,,,,,,,,,,,,,,,,,,,,,,,,,,,,,,,,,,,,,,,,,,,,,,,,,,
Remark=,"""12:24:23 RF#21 8210 um, Fmax=240 Int=9 Mod=20 Filter=50""
",,,,,,,,,,,,,,,,,,,,,,,,,,,,,,,,,,,,,,,,,,,,,,,,,,,,,,,,,,,,,,,,,,,,,,,,,,,,,,,,,,,,,
Remark=,"""12:24:24 Fm'=240""
",,,,,,,,,,,,,,,,,,,,,,,,,,,,,,,,,,,,,,,,,,,,,,,,,,,,,,,,,,,,,,,,,,,,,,,,,,,,,,,,,,,,,
Remark=,"""12:24:32 Dark#19 Fmin=212 Dur=6 FarRed=8 Pre=1 Post=4 Mod=0.25 Filter=5""
",,,,,,,,,,,,,,,,,,,,,,,,,,,,,,,,,,,,,,,,,,,,,,,,,,,,,,,,,,,,,,,,,,,,,,,,,,,,,,,,,,,,,
Remark=,"""12:24:32 Fo'=212""
",,,,,,,,,,,,,,,,,,,,,,,,,,,,,,,,,,,,,,,,,,,,,,,,,,,,,,,,,,,,,,,,,,,,,,,,,,,,,,,,,,,,,
Remark=,"""12:24:53 Flow: Fixed -> 300 umol/s""
",,,,,,,,,,,,,,,,,,,,,,,,,,,,,,,,,,,,,,,,,,,,,,,,,,,,,,,,,,,,,,,,,,,,,,,,,,,,,,,,,,,,,
21,12:24:32,6631.500316,0,3.931200872,0.202331707,348.6818318,21,19,225.7026825,317.6676636,212.2746582,240.922226,230.7591858,0.289500606,0.118907949,0.042183904,-3.85602125,0.87,0.92,9.754099846,0.87487705,0.005938801,0.354761013,0.728183406,0.318548599,1498.776123,0.5,27.65671338,6.32305877,2.429638422,24.67461586,0.449999988,6.745327131,1,13.49065426,21.58144569,24.67461586,19.75357246,400.0696716,399.1035156,7.837253571,8.775391579,23.78604698,26.63329506,300.6388245,1498.776123,339.4831238,78.50095367,16.7827549,0.252368301,0.032554094,0.001789213,0.019077526,0.002231803,1,-1.355140209,7.355140209,1,0,0.159999996,111115,6.680862943,0.006323059,297.8246159,294.7314457,239.8041743,-0.196538322,3.11851503,39.72582349,30.95043191,23.12803078,2.841646468,0.199341992,0.688876608,2.15276986,0.124853947,27.37185632,0.873662642,21.33340275,398.7101232,0.00210343,91.96498108,1311.244833,28.64756775,0.667762485,0.834507187
Remark=,"""12:24:55 LCF Lamp: ParIn -> 1800 uml, with blue = 10 percent, actinic on""
",,,,,,,,,,,,,,,,,,,,,,,,,,,,,,,,,,,,,,,,,,,,,,,,,,,,,,,,,,,,,,,,,,,,,,,,,,,,,,,,,,,,,
Remark=,"""12:29:56 Fs=224 Msr=3 Mod=0.25 Filter=5 Gain=10""
",,,,,,,,,,,,,,,,,,,,,,,,,,,,,,,,,,,,,,,,,,,,,,,,,,,,,,,,,,,,,,,,,,,,,,,,,,,,,,,,,,,,,
Remark=,"""12:29:56 RF#22 8349 um, Fmax=233 Int=9 Mod=20 Filter=50""
",,,,,,,,,,,,,,,,,,,,,,,,,,,,,,,,,,,,,,,,,,,,,,,,,,,,,,,,,,,,,,,,,,,,,,,,,,,,,,,,,,,,,
Remark=,"""12:29:57 Fm'=233""
",,,,,,,,,,,,,,,,,,,,,,,,,,,,,,,,,,,,,,,,,,,,,,,,,,,,,,,,,,,,,,,,,,,,,,,,,,,,,,,,,,,,,
Remark=,"""12:30:05 Dark#20 Fmin=207 Dur=6 FarRed=8 Pre=1 Post=4 Mod=0.25 Filter=5""
",,,,,,,,,,,,,,,,,,,,,,,,,,,,,,,,,,,,,,,,,,,,,,,,,,,,,,,,,,,,,,,,,,,,,,,,,,,,,,,,,,,,,
Remark=,"""12:30:05 Fo'=207""
",,,,,,,,,,,,,,,,,,,,,,,,,,,,,,,,,,,,,,,,,,,,,,,,,,,,,,,,,,,,,,,,,,,,,,,,,,,,,,,,,,,,,
Remark=,"""12:30:26 Flow: Fixed -> 300 umol/s""
",,,,,,,,,,,,,,,,,,,,,,,,,,,,,,,,,,,,,,,,,,,,,,,,,,,,,,,,,,,,,,,,,,,,,,,,,,,,,,,,,,,,,
22,12:30:05,6964.500316,0,-2.525403453,0.232303488,396.2742122,22,20,225.7026825,317.6676636,207.5808105,233.1160736,224.0388489,0.289500606,0.109538835,0.038938648,-3.85602125,0.87,0.92,9.9796772,0.874989839,0.000845615,0.355478019,0.768044391,0.362701673,1798.365112,0.5,30.63597812,7.210854226,2.417661689,24.81360054,0.449999988,6.745327131,1,13.49065426,21.54719543,24.81360054,19.70940018,398.7073669,398.6550903,8.189391136,9.258766174,24.9079361,28.160429,300.6279907,1798.365112,1042.19873,78.5041275,16.73697472,0.255967379,0.032305941,0.001038,0.041096356,0.001264572,0.75,-1.355140209,7.355140209,1,0,0.159999996,111115,6.680622193,0.007210854,297.9636005,294.6971954,287.7384115,-0.178342149,3.144513049,40.05538497,30.7966188,23.18039799,2.850657019,0.228371033,0.72685136,2.123805659,0.143080069,31.10916128,0.994027724,22.50564363,398.9078056,-0.001424786,91.96498108,1573.551199,25.53526306,1.224436239,0.919388978
Remark=,"""12:30:28 LCF Lamp: ParIn -> 1800 uml, with blue = 10 percent, actinic on""
",,,,,,,,,,,,,,,,,,,,,,,,,,,,,,,,,,,,,,,,,,,,,,,,,,,,,,,,,,,,,,,,,,,,,,,,,,,,,,,,,,,,,
Remark=,"""12:30:28 CO2 Mixer: CO2R -> 400 uml""
",,,,,,,,,,,,,,,,,,,,,,,,,,,,,,,,,,,,,,,,,,,,,,,,,,,,,,,,,,,,,,,,,,,,,,,,,,,,,,,,,,,,,
Remark=,"""12:30:28 Coolers: Tleaf -> 24.00 C""
",,,,,,,,,,,,,,,,,,,,,,,,,,,,,,,,,,,,,,,,,,,,,,,,,,,,,,,,,,,,,,,,,,,,,,,,,,,,,,,,,,,,,
Remark=,"""12:30:28 Flow: Fixed -> 300 umol/s""
",,,,,,,,,,,,,,,,,,,,,,,,,,,,,,,,,,,,,,,,,,,,,,,,,,,,,,,,,,,,,,,,,,,,,,,,,,,,,,,,,,,,,